ID,path,target
0,training\training-0\forward\package0_image0.jpg,1
1,training\training-0\forward\package0_image1.jpg,1
2,training\training-0\forward\package0_image2.jpg,1
3,training\training-0\forward\package0_image3.jpg,1
4,training\training-0\forward\package0_image4.jpg,1
5,training\training-0\forward\package0_image5.jpg,1
6,training\training-0\forward\package0_image6.jpg,1
7,training\training-0\forward\package0_image7.jpg,1
8,training\training-0\forward\package0_image8.jpg,1
9,training\training-0\forward\package0_image9.jpg,1
10,training\training-0\forward\package0_image10.jpg,1
11,training\training-0\forward\package0_image11.jpg,1
12,training\training-0\forward\package0_image12.jpg,1
13,training\training-0\forward\package0_image13.jpg,1
14,training\training-0\forward\package0_image14.jpg,1
15,training\training-0\forward\package0_image15.jpg,1
16,training\training-0\forward\package0_image16.jpg,1
17,training\training-0\forward\package0_image17.jpg,1
18,training\training-0\forward\package0_image18.jpg,1
19,training\training-0\forward\package0_image19.jpg,1
20,training\training-0\forward\package0_image20.jpg,1
21,training\training-0\forward\package0_image21.jpg,1
22,training\training-0\forward\package0_image22.jpg,1
23,training\training-0\forward\package0_image23.jpg,1
24,training\training-0\forward\package0_image24.jpg,1
25,training\training-0\forward\package0_image25.jpg,1
26,training\training-0\forward\package0_image26.jpg,1
27,training\training-0\forward\package0_image27.jpg,1
28,training\training-0\forward\package0_image28.jpg,1
29,training\training-0\forward\package0_image29.jpg,1
30,training\training-0\forward\package0_image30.jpg,1
31,training\training-0\forward\package0_image31.jpg,1
32,training\training-0\forward\package0_image32.jpg,1
33,training\training-0\forward\package0_image33.jpg,1
34,training\training-0\forward\package0_image34.jpg,1
35,training\training-0\forward\package0_image35.jpg,1
36,training\training-0\forward\package0_image36.jpg,1
37,training\training-0\forward\package0_image37.jpg,1
38,training\training-0\forward\package0_image38.jpg,1
39,training\training-0\forward\package0_image39.jpg,1
40,training\training-0\forward\package0_image40.jpg,1
41,training\training-0\forward\package0_image41.jpg,1
42,training\training-0\forward\package0_image42.jpg,1
43,training\training-0\forward\package0_image43.jpg,1
44,training\training-0\forward\package0_image44.jpg,1
45,training\training-0\forward\package0_image45.jpg,1
46,training\training-0\forward\package0_image46.jpg,1
47,training\training-0\forward\package0_image47.jpg,1
48,training\training-0\forward\package0_image48.jpg,1
49,training\training-0\forward\package0_image49.jpg,1
50,training\training-0\forward\package0_image50.jpg,1
51,training\training-0\forward\package0_image51.jpg,1
52,training\training-0\forward\package0_image52.jpg,1
53,training\training-0\forward\package0_image53.jpg,1
54,training\training-0\forward\package0_image54.jpg,1
55,training\training-0\forward\package0_image55.jpg,1
56,training\training-0\forward\package0_image56.jpg,1
57,training\training-0\forward\package0_image57.jpg,1
58,training\training-0\forward\package0_image58.jpg,1
59,training\training-0\forward\package0_image59.jpg,1
60,training\training-0\forward\package0_image60.jpg,1
61,training\training-0\forward\package0_image61.jpg,1
62,training\training-0\forward\package0_image62.jpg,1
63,training\training-0\forward\package0_image63.jpg,1
64,training\training-0\forward\package0_image64.jpg,1
65,training\training-0\forward\package0_image65.jpg,1
66,training\training-0\forward\package0_image66.jpg,1
67,training\training-0\forward\package0_image67.jpg,1
68,training\training-0\forward\package0_image68.jpg,1
69,training\training-0\forward\package0_image69.jpg,1
70,training\training-0\forward\package0_image70.jpg,1
71,training\training-0\forward\package0_image71.jpg,1
72,training\training-0\forward\package0_image72.jpg,1
73,training\training-0\forward\package0_image73.jpg,1
74,training\training-0\forward\package0_image74.jpg,1
75,training\training-0\forward\package0_image75.jpg,1
76,training\training-0\forward\package0_image76.jpg,1
77,training\training-0\forward\package0_image77.jpg,1
78,training\training-0\forward\package0_image78.jpg,1
79,training\training-0\forward\package0_image79.jpg,1
80,training\training-0\forward\package0_image80.jpg,1
81,training\training-0\forward\package0_image81.jpg,1
82,training\training-0\forward\package0_image82.jpg,1
83,training\training-0\forward\package0_image83.jpg,1
84,training\training-0\forward\package0_image84.jpg,1
85,training\training-0\forward\package0_image85.jpg,1
86,training\training-0\forward\package0_image86.jpg,1
87,training\training-0\forward\package0_image87.jpg,1
88,training\training-0\forward\package0_image88.jpg,1
89,training\training-0\forward\package0_image89.jpg,1
90,training\training-0\forward\package0_image90.jpg,1
91,training\training-0\forward\package0_image91.jpg,1
92,training\training-0\forward\package0_image92.jpg,1
93,training\training-0\forward\package0_image93.jpg,1
94,training\training-0\forward\package0_image94.jpg,1
95,training\training-0\forward\package0_image95.jpg,1
96,training\training-0\forward\package0_image96.jpg,1
97,training\training-0\forward\package0_image97.jpg,1
98,training\training-0\forward\package0_image98.jpg,1
99,training\training-0\forward\package0_image99.jpg,1
100,training\training-0\forward\package0_image100.jpg,1
101,training\training-0\forward\package0_image101.jpg,1
102,training\training-0\forward\package0_image102.jpg,1
103,training\training-0\forward\package0_image103.jpg,1
104,training\training-0\forward\package0_image104.jpg,1
105,training\training-0\forward\package0_image105.jpg,1
106,training\training-0\forward\package0_image106.jpg,1
107,training\training-0\forward\package0_image107.jpg,1
108,training\training-0\forward\package0_image108.jpg,1
109,training\training-0\forward\package0_image109.jpg,1
110,training\training-0\forward\package0_image110.jpg,1
111,training\training-0\forward\package0_image111.jpg,1
112,training\training-0\forward\package0_image112.jpg,1
113,training\training-0\forward\package0_image113.jpg,1
114,training\training-0\forward\package0_image114.jpg,1
115,training\training-0\forward\package0_image115.jpg,1
116,training\training-0\forward\package0_image116.jpg,1
117,training\training-0\forward\package0_image117.jpg,1
118,training\training-0\forward\package0_image118.jpg,1
119,training\training-0\forward\package0_image119.jpg,1
120,training\training-0\forward\package0_image120.jpg,1
121,training\training-0\forward\package0_image121.jpg,1
122,training\training-0\forward\package0_image122.jpg,1
123,training\training-0\forward\package0_image123.jpg,1
124,training\training-0\forward\package0_image124.jpg,1
125,training\training-0\forward\package0_image125.jpg,1
126,training\training-0\forward\package0_image126.jpg,1
127,training\training-0\forward\package0_image127.jpg,1
128,training\training-0\forward\package0_image128.jpg,1
129,training\training-0\forward\package0_image129.jpg,1
130,training\training-0\forward\package0_image130.jpg,1
131,training\training-0\forward\package0_image131.jpg,1
132,training\training-0\forward\package0_image132.jpg,1
133,training\training-0\forward\package0_image133.jpg,1
134,training\training-0\forward\package0_image134.jpg,1
135,training\training-0\forward\package0_image135.jpg,1
136,training\training-0\forward\package0_image136.jpg,1
137,training\training-0\forward\package0_image137.jpg,1
138,training\training-0\forward\package0_image138.jpg,1
139,training\training-0\forward\package0_image139.jpg,1
140,training\training-0\forward\package0_image140.jpg,1
141,training\training-0\forward\package0_image141.jpg,1
142,training\training-0\forward\package0_image142.jpg,1
143,training\training-0\forward\package0_image143.jpg,1
144,training\training-0\forward\package0_image144.jpg,1
145,training\training-0\forward\package0_image145.jpg,1
146,training\training-0\forward\package0_image146.jpg,1
147,training\training-0\forward\package0_image147.jpg,1
148,training\training-0\forward\package0_image148.jpg,1
149,training\training-0\forward\package0_image149.jpg,1
150,training\training-0\forward\package0_image150.jpg,1
151,training\training-0\forward\package0_image151.jpg,1
152,training\training-0\forward\package0_image152.jpg,1
153,training\training-0\forward\package0_image153.jpg,1
154,training\training-0\forward\package0_image154.jpg,1
155,training\training-0\forward\package0_image155.jpg,1
156,training\training-0\forward\package0_image156.jpg,1
157,training\training-0\forward\package0_image157.jpg,1
158,training\training-0\forward\package0_image158.jpg,1
159,training\training-0\forward\package0_image159.jpg,1
160,training\training-0\forward\package0_image160.jpg,1
161,training\training-0\forward\package0_image161.jpg,1
162,training\training-0\forward\package0_image162.jpg,1
163,training\training-0\forward\package0_image163.jpg,1
164,training\training-0\forward\package0_image164.jpg,1
165,training\training-0\forward\package0_image165.jpg,1
166,training\training-0\forward\package0_image166.jpg,1
167,training\training-0\forward\package0_image167.jpg,1
168,training\training-0\forward\package0_image168.jpg,1
169,training\training-0\forward\package0_image169.jpg,1
170,training\training-0\forward\package0_image170.jpg,1
171,training\training-0\forward\package0_image171.jpg,1
172,training\training-0\forward\package0_image172.jpg,1
173,training\training-0\forward\package0_image173.jpg,1
174,training\training-0\forward\package0_image174.jpg,1
175,training\training-0\forward\package0_image175.jpg,1
176,training\training-0\forward\package0_image176.jpg,1
177,training\training-0\forward\package0_image177.jpg,1
178,training\training-0\forward\package0_image178.jpg,1
179,training\training-0\forward\package0_image179.jpg,1
180,training\training-0\forward\package0_image180.jpg,1
181,training\training-0\forward\package0_image181.jpg,1
182,training\training-0\forward\package0_image182.jpg,1
183,training\training-0\forward\package0_image183.jpg,1
184,training\training-0\forward\package0_image184.jpg,1
185,training\training-0\forward\package0_image185.jpg,1
186,training\training-0\forward\package0_image186.jpg,1
187,training\training-0\forward\package0_image187.jpg,1
188,training\training-0\forward\package0_image188.jpg,1
189,training\training-0\forward\package0_image189.jpg,1
190,training\training-0\forward\package0_image190.jpg,1
191,training\training-0\forward\package0_image191.jpg,1
192,training\training-0\forward\package0_image192.jpg,1
193,training\training-0\forward\package0_image193.jpg,1
194,training\training-0\forward\package0_image194.jpg,1
195,training\training-0\forward\package0_image195.jpg,1
196,training\training-0\forward\package0_image196.jpg,1
197,training\training-0\forward\package0_image197.jpg,1
198,training\training-0\forward\package0_image198.jpg,1
199,training\training-0\forward\package0_image199.jpg,1
200,training\training-0\forward\package0_image200.jpg,1
201,training\training-0\forward\package0_image201.jpg,1
202,training\training-0\forward\package0_image202.jpg,1
203,training\training-0\forward\package0_image203.jpg,1
204,training\training-0\forward\package0_image204.jpg,1
205,training\training-0\forward\package0_image205.jpg,1
206,training\training-0\forward\package0_image206.jpg,1
207,training\training-0\forward\package0_image207.jpg,1
208,training\training-0\forward\package0_image208.jpg,1
209,training\training-0\forward\package0_image209.jpg,1
210,training\training-0\forward\package0_image210.jpg,1
211,training\training-0\forward\package0_image211.jpg,1
212,training\training-0\forward\package0_image212.jpg,1
213,training\training-0\forward\package0_image213.jpg,1
214,training\training-0\forward\package0_image214.jpg,1
215,training\training-0\forward\package0_image215.jpg,1
216,training\training-0\forward\package0_image216.jpg,1
217,training\training-0\forward\package0_image217.jpg,1
218,training\training-0\forward\package0_image218.jpg,1
219,training\training-0\forward\package0_image219.jpg,1
220,training\training-0\forward\package0_image220.jpg,1
221,training\training-0\forward\package0_image221.jpg,1
222,training\training-0\forward\package0_image222.jpg,1
223,training\training-0\forward\package0_image223.jpg,1
224,training\training-0\forward\package0_image224.jpg,1
225,training\training-0\forward\package0_image225.jpg,1
226,training\training-0\forward\package0_image226.jpg,1
227,training\training-0\forward\package0_image227.jpg,1
228,training\training-0\forward\package0_image228.jpg,1
229,training\training-0\forward\package0_image229.jpg,1
230,training\training-0\forward\package0_image230.jpg,1
231,training\training-0\forward\package0_image231.jpg,1
232,training\training-0\forward\package0_image232.jpg,1
233,training\training-0\forward\package0_image233.jpg,1
234,training\training-0\forward\package0_image234.jpg,1
235,training\training-0\forward\package0_image235.jpg,1
236,training\training-0\forward\package0_image236.jpg,1
237,training\training-0\forward\package0_image237.jpg,1
238,training\training-0\forward\package0_image238.jpg,1
239,training\training-0\forward\package0_image239.jpg,1
240,training\training-0\forward\package0_image240.jpg,1
241,training\training-0\forward\package0_image241.jpg,1
242,training\training-0\forward\package0_image242.jpg,1
243,training\training-0\forward\package0_image243.jpg,1
244,training\training-0\forward\package0_image244.jpg,1
245,training\training-0\forward\package0_image245.jpg,1
246,training\training-0\forward\package0_image246.jpg,1
247,training\training-0\forward\package0_image247.jpg,1
248,training\training-0\forward\package0_image248.jpg,1
249,training\training-0\forward\package0_image249.jpg,1
250,training\training-0\forward\package0_image250.jpg,1
251,training\training-0\forward\package0_image251.jpg,1
252,training\training-0\forward\package0_image252.jpg,1
253,training\training-0\forward\package0_image253.jpg,1
254,training\training-0\forward\package0_image254.jpg,1
255,training\training-0\forward\package0_image255.jpg,1
256,training\training-0\forward\package0_image256.jpg,1
257,training\training-0\forward\package0_image257.jpg,1
258,training\training-0\forward\package0_image258.jpg,1
259,training\training-0\forward\package0_image259.jpg,1
260,training\training-0\forward\package0_image260.jpg,1
261,training\training-0\forward\package0_image261.jpg,1
262,training\training-0\forward\package0_image262.jpg,1
263,training\training-0\forward\package0_image263.jpg,1
264,training\training-0\forward\package0_image264.jpg,1
265,training\training-0\forward\package0_image265.jpg,1
266,training\training-0\forward\package0_image266.jpg,1
267,training\training-0\forward\package0_image267.jpg,1
268,training\training-0\forward\package0_image268.jpg,1
269,training\training-0\forward\package0_image269.jpg,1
270,training\training-0\forward\package0_image270.jpg,1
271,training\training-0\forward\package0_image271.jpg,1
272,training\training-0\forward\package0_image272.jpg,1
273,training\training-0\forward\package0_image273.jpg,1
274,training\training-0\forward\package0_image274.jpg,1
275,training\training-0\forward\package0_image275.jpg,1
276,training\training-0\forward\package0_image276.jpg,1
277,training\training-0\forward\package0_image277.jpg,1
278,training\training-0\forward\package0_image278.jpg,1
279,training\training-0\forward\package0_image279.jpg,1
280,training\training-0\forward\package0_image280.jpg,1
281,training\training-0\forward\package0_image281.jpg,1
282,training\training-0\forward\package0_image282.jpg,1
283,training\training-0\forward\package0_image283.jpg,1
284,training\training-0\forward\package0_image284.jpg,1
285,training\training-0\forward\package0_image285.jpg,1
286,training\training-0\forward\package0_image286.jpg,1
287,training\training-0\forward\package0_image287.jpg,1
288,training\training-0\forward\package0_image288.jpg,1
289,training\training-0\forward\package0_image289.jpg,1
290,training\training-0\forward\package0_image290.jpg,1
291,training\training-0\forward\package0_image291.jpg,1
292,training\training-0\forward\package0_image292.jpg,1
293,training\training-0\forward\package0_image293.jpg,1
294,training\training-0\forward\package0_image294.jpg,1
295,training\training-0\forward\package0_image295.jpg,1
296,training\training-0\forward\package0_image296.jpg,1
297,training\training-0\forward\package0_image297.jpg,1
298,training\training-0\forward\package0_image298.jpg,1
299,training\training-0\forward\package0_image299.jpg,1
300,training\training-0\forward\package0_image300.jpg,1
301,training\training-0\forward\package0_image301.jpg,1
302,training\training-0\forward\package0_image302.jpg,1
303,training\training-0\forward\package0_image303.jpg,1
304,training\training-0\forward\package0_image304.jpg,1
305,training\training-0\forward\package0_image305.jpg,1
306,training\training-0\forward\package0_image306.jpg,1
307,training\training-0\forward\package0_image307.jpg,1
308,training\training-0\forward\package0_image308.jpg,1
309,training\training-0\forward\package0_image309.jpg,1
310,training\training-0\forward\package0_image310.jpg,1
311,training\training-0\forward\package0_image311.jpg,1
312,training\training-0\forward\package0_image312.jpg,1
313,training\training-0\forward\package0_image313.jpg,1
314,training\training-0\forward\package0_image314.jpg,1
315,training\training-0\forward\package0_image315.jpg,1
316,training\training-0\forward\package0_image316.jpg,1
317,training\training-0\forward\package0_image317.jpg,1
318,training\training-0\forward\package0_image318.jpg,1
319,training\training-0\forward\package0_image319.jpg,1
320,training\training-0\forward\package0_image320.jpg,1
321,training\training-0\forward\package0_image321.jpg,1
322,training\training-0\forward\package0_image322.jpg,1
323,training\training-0\forward\package0_image323.jpg,1
324,training\training-0\forward\package0_image324.jpg,1
325,training\training-0\forward\package0_image325.jpg,1
326,training\training-0\forward\package0_image326.jpg,1
327,training\training-0\forward\package0_image327.jpg,1
328,training\training-0\forward\package0_image328.jpg,1
329,training\training-0\forward\package0_image329.jpg,1
330,training\training-0\forward\package0_image330.jpg,1
331,training\training-0\forward\package0_image331.jpg,1
332,training\training-0\forward\package0_image332.jpg,1
333,training\training-0\forward\package0_image333.jpg,1
334,training\training-0\forward\package0_image334.jpg,1
335,training\training-0\forward\package0_image335.jpg,1
336,training\training-0\forward\package0_image336.jpg,1
337,training\training-0\forward\package0_image337.jpg,1
338,training\training-0\forward\package0_image338.jpg,1
339,training\training-0\forward\package0_image339.jpg,1
340,training\training-0\forward\package0_image340.jpg,1
341,training\training-0\forward\package0_image341.jpg,1
342,training\training-0\forward\package0_image342.jpg,1
343,training\training-0\forward\package0_image343.jpg,1
344,training\training-0\forward\package0_image344.jpg,1
345,training\training-0\forward\package0_image345.jpg,1
346,training\training-0\forward\package0_image346.jpg,1
347,training\training-0\forward\package0_image347.jpg,1
348,training\training-0\forward\package0_image348.jpg,1
349,training\training-0\forward\package0_image349.jpg,1
350,training\training-0\forward\package0_image350.jpg,1
351,training\training-0\forward\package0_image351.jpg,1
352,training\training-0\forward\package0_image352.jpg,1
353,training\training-0\forward\package0_image353.jpg,1
354,training\training-0\forward\package0_image354.jpg,1
355,training\training-0\forward\package0_image355.jpg,1
356,training\training-0\forward\package0_image356.jpg,1
357,training\training-0\forward\package0_image357.jpg,1
358,training\training-0\forward\package0_image358.jpg,1
359,training\training-0\forward\package0_image359.jpg,1
360,training\training-0\forward\package0_image360.jpg,1
361,training\training-0\forward\package0_image361.jpg,1
362,training\training-0\forward\package0_image362.jpg,1
363,training\training-0\forward\package0_image363.jpg,1
364,training\training-0\forward\package0_image364.jpg,1
365,training\training-0\forward\package0_image365.jpg,1
366,training\training-0\forward\package0_image366.jpg,1
367,training\training-0\forward\package0_image367.jpg,1
368,training\training-0\forward\package0_image368.jpg,1
369,training\training-0\forward\package0_image369.jpg,1
370,training\training-0\forward\package0_image370.jpg,1
371,training\training-0\forward\package0_image371.jpg,1
372,training\training-0\forward\package0_image372.jpg,1
373,training\training-0\forward\package0_image373.jpg,1
374,training\training-0\forward\package0_image374.jpg,1
375,training\training-0\forward\package0_image375.jpg,1
376,training\training-0\forward\package0_image376.jpg,1
377,training\training-0\forward\package0_image377.jpg,1
378,training\training-0\forward\package0_image378.jpg,1
379,training\training-0\forward\package0_image379.jpg,1
380,training\training-0\forward\package0_image380.jpg,1
381,training\training-0\forward\package0_image381.jpg,1
382,training\training-0\forward\package0_image382.jpg,1
383,training\training-0\forward\package0_image383.jpg,1
384,training\training-0\forward\package0_image384.jpg,1
385,training\training-0\forward\package0_image385.jpg,1
386,training\training-0\forward\package0_image386.jpg,1
387,training\training-0\forward\package0_image387.jpg,1
388,training\training-0\forward\package0_image388.jpg,1
389,training\training-0\forward\package0_image389.jpg,1
390,training\training-0\forward\package0_image390.jpg,1
391,training\training-0\forward\package0_image391.jpg,1
392,training\training-0\forward\package0_image392.jpg,1
393,training\training-0\forward\package0_image393.jpg,1
394,training\training-0\forward\package0_image394.jpg,1
395,training\training-0\forward\package0_image395.jpg,1
396,training\training-0\forward\package0_image396.jpg,1
397,training\training-0\forward\package0_image397.jpg,1
398,training\training-0\forward\package0_image398.jpg,1
399,training\training-0\forward\package0_image399.jpg,1
400,training\training-0\forward\package0_image400.jpg,1
401,training\training-0\forward\package0_image401.jpg,1
402,training\training-0\forward\package0_image402.jpg,1
403,training\training-0\forward\package0_image403.jpg,1
404,training\training-0\forward\package0_image404.jpg,1
405,training\training-0\forward\package0_image405.jpg,1
406,training\training-0\forward\package0_image406.jpg,1
407,training\training-0\forward\package0_image407.jpg,1
408,training\training-0\forward\package0_image408.jpg,1
409,training\training-0\forward\package0_image409.jpg,1
410,training\training-0\forward\package0_image410.jpg,1
411,training\training-0\forward\package0_image411.jpg,1
412,training\training-0\forward\package0_image412.jpg,1
413,training\training-0\forward\package0_image413.jpg,1
414,training\training-0\forward\package0_image414.jpg,1
415,training\training-0\forward\package0_image415.jpg,1
416,training\training-0\forward\package0_image416.jpg,1
417,training\training-0\forward\package0_image417.jpg,1
418,training\training-0\forward\package0_image418.jpg,1
419,training\training-0\forward\package0_image419.jpg,1
420,training\training-0\forward\package0_image420.jpg,1
421,training\training-0\forward\package0_image421.jpg,1
422,training\training-0\forward\package0_image422.jpg,1
423,training\training-0\forward\package0_image423.jpg,1
424,training\training-0\forward\package0_image424.jpg,1
425,training\training-0\forward\package0_image425.jpg,1
426,training\training-0\forward\package0_image426.jpg,1
427,training\training-0\forward\package0_image427.jpg,1
428,training\training-0\forward\package0_image428.jpg,1
429,training\training-0\forward\package0_image429.jpg,1
430,training\training-0\forward\package0_image430.jpg,1
431,training\training-0\forward\package0_image431.jpg,1
432,training\training-0\forward\package0_image432.jpg,1
433,training\training-0\forward\package0_image433.jpg,1
434,training\training-0\forward\package0_image434.jpg,1
435,training\training-0\forward\package0_image435.jpg,1
436,training\training-0\forward\package0_image436.jpg,1
437,training\training-0\forward\package0_image437.jpg,1
438,training\training-0\forward\package0_image438.jpg,1
439,training\training-0\forward\package0_image439.jpg,1
440,training\training-0\forward\package0_image440.jpg,1
441,training\training-0\forward\package0_image441.jpg,1
442,training\training-0\forward\package0_image442.jpg,1
443,training\training-0\forward\package0_image443.jpg,1
444,training\training-0\forward\package0_image444.jpg,1
445,training\training-0\forward\package0_image445.jpg,1
446,training\training-0\forward\package0_image446.jpg,1
447,training\training-0\forward\package0_image447.jpg,1
448,training\training-0\forward\package0_image448.jpg,1
449,training\training-0\forward\package0_image449.jpg,1
450,training\training-0\forward\package0_image450.jpg,1
451,training\training-0\forward\package0_image451.jpg,1
452,training\training-0\forward\package0_image452.jpg,1
453,training\training-0\forward\package0_image453.jpg,1
454,training\training-0\forward\package0_image454.jpg,1
455,training\training-0\forward\package0_image455.jpg,1
456,training\training-0\forward\package0_image456.jpg,1
457,training\training-0\forward\package0_image457.jpg,1
458,training\training-0\forward\package0_image458.jpg,1
459,training\training-0\forward\package0_image459.jpg,1
460,training\training-0\forward\package0_image460.jpg,1
461,training\training-0\forward\package0_image461.jpg,1
462,training\training-0\forward\package0_image462.jpg,1
463,training\training-0\forward\package0_image463.jpg,1
464,training\training-0\forward\package0_image464.jpg,1
465,training\training-0\forward\package0_image465.jpg,1
466,training\training-0\forward\package0_image466.jpg,1
467,training\training-0\forward\package0_image467.jpg,1
468,training\training-0\forward\package0_image468.jpg,1
469,training\training-0\forward\package0_image469.jpg,1
470,training\training-0\forward\package0_image470.jpg,1
471,training\training-0\forward\package0_image471.jpg,1
472,training\training-0\forward\package0_image472.jpg,1
473,training\training-0\forward\package0_image473.jpg,1
474,training\training-0\forward\package0_image474.jpg,1
475,training\training-0\forward\package0_image475.jpg,1
476,training\training-0\forward\package0_image476.jpg,1
477,training\training-0\forward\package0_image477.jpg,1
478,training\training-0\forward\package0_image478.jpg,1
479,training\training-0\forward\package0_image479.jpg,1
480,training\training-0\forward\package0_image480.jpg,1
481,training\training-0\forward\package0_image481.jpg,1
482,training\training-0\forward\package0_image482.jpg,1
483,training\training-0\forward\package0_image483.jpg,1
484,training\training-0\forward\package0_image484.jpg,1
485,training\training-0\forward\package0_image485.jpg,1
486,training\training-0\forward\package0_image486.jpg,1
487,training\training-0\forward\package0_image487.jpg,1
488,training\training-0\forward\package0_image488.jpg,1
489,training\training-0\forward\package0_image489.jpg,1
490,training\training-0\forward\package0_image490.jpg,1
491,training\training-0\forward\package0_image491.jpg,1
492,training\training-0\forward\package0_image492.jpg,1
493,training\training-0\forward\package0_image493.jpg,1
494,training\training-0\forward\package0_image494.jpg,1
495,training\training-0\forward\package0_image495.jpg,1
496,training\training-0\forward\package0_image496.jpg,1
497,training\training-0\forward\package0_image497.jpg,1
498,training\training-0\forward\package0_image498.jpg,1
499,training\training-0\forward\package0_image499.jpg,1
